type,path
page,/
page,/home/
page,/about-us/
page,/contact-us/
page,/blog/
page,/send-us-a-brief/
page,/packages/
page,/packages/website-packages/
page,/packages/branding-packages/
page,/packages/creative-retainers/
page,/packages/hosting-management/
page,/sign-up-for-our-monthly-marketing-round-up-newsletter/
page,/marketing-agreement/
page,/ai-usage-policy/
page,/edipolicy/
page,/environmentalpolicy/
page,/terms-of-use/
page,/suite/
page,/comp/
page,/test-about-us-updates/
service,/services/creative/
service,/services/creative/branding/
service,/services/creative/creative-campaigns/
service,/services/creative/fx-3d-visualisation/
service,/services/creative/pos-packaging/
service,/services/creative/web-design/
service,/services/development/
service,/services/development/websites/
service,/services/development/digital-flipbooks/
service,/services/development/gamification/
service,/services/development/web-domains-and-hosting-services/
service,/services/marketing/
service,/services/marketing/seo/
service,/services/marketing/ppc/
service,/services/marketing/social-media/
service,/services/marketing/traditional-marketing/
service,/services/marketing/aiso-artificial-intelligence-search-optimisation/
service,/services/print/
service,/services/print/marketing-materials/
service,/services/print/promotional-and-merchandise/
service,/services/print/large-format-and-signage/
service,/services/print/pos-and-packaging/
service,/services/print/office-branding/
service,/services/print/pr-boxes-and-internal-incentive-boxe/
service,/services/events/
service,/services/events/shell-scheme/
service,/services/events/space-only-builds/
service,/services/events/roadshows/
service,/services/events/activations-and-merchandise/
service,/services/events/sustainable-events/
service,/services/video/
service,/services/video/promotional-videos/
service,/services/video/explainer-videos/
service,/services/video/testimonial-videos/
service,/services/video/showcase-videos/
service,/services/video/social-media-videos/
service,/services/chatcom-ai-support/
case-study,/case-studies/serco-service-catalogue/
case-study,/case-studies/birchen-coppice-pride-in-place-programme-logo/
case-study,/case-studies/elevating-ees-oxford-street-stores/
case-study,/case-studies/creating-curating-a-celebration-to-inspire-colleagues/
case-study,/case-studies/screen-print-world-a-fresh-look-and-new-site-to-deliver-growth/
case-study,/case-studies/celebrating-timeless-weddings-at-bewdley-museum/
case-study,/case-studies/from-concept-to-launch-innovos-new-website/
case-study,/case-studies/bt-smb/
case-study,/case-studies/paypoint-love2shop-campaign/
case-study,/case-studies/nasdaq-case-study-building-nasdaqs-show-stopping-presence/
case-study,/case-studies/helping-virtualz-extend-its-digital-reach/
case-study,/case-studies/lextox-pop-up-events/
case-study,/case-studies/helping-k9-leisure-club-unleash-their-online-presence/
case-study,/case-studies/warwickshire-enhanced-partnership-branding/
case-study,/case-studies/driving-awareness-to-europcar-ev-knowledge-hub/
case-study,/case-studies/citcom-craft-europcars-exhibition-presence-at-london-ev-show/
case-study,/case-studies/iphone-15-launch/
case-study,/case-studies/delivering-efficient-sustainable-stands-for-cordics-major-events/
case-study,/case-studies/taking-flight-with-ees-roaming-activation-campaign/
case-study,/case-studies/try-umphant-success-citizen-support-europcar-with-leicester-tigers-partnership/
case-study,/case-studies/citcom-designs-office-branding-for-europcars-head-office-uk/
case-study,/case-studies/indexing-and-international-seo-case-study/
case-study,/case-studies/keeping-it-fresh-for-ee/
case-study,/case-studies/a-job-well-done-for-bt-with-wellbeing-boxes/
case-study,/case-studies/marketing-success-for-screen-print-world/
case-study,/case-studies/helping-europcar-shape-the-future-of-sustainable-mobility/
case-study,/case-studies/delivering-400-roi-for-the-supercar-rooms/
case-study,/case-studies/davis-licence-check-website/
case-study,/case-studies/sim-local-stores-refresh/
case-study,/case-studies/success-for-europcar-on-their-new-digital-vans-and-trucks-guide/
case-study,/case-studies/session-branding-and-website/
case-study,/case-studies/building-a-uk-brand-for-spanish-engineering-firm-roc/
case-study,/case-studies/ee-payg-summer-campaign/
case-study,/case-studies/ee-smashes-internal-device-launch-benchmark/
case-study,/case-studies/a-new-look-for-optimec-metrology/
case-study,/case-studies/ee-pride-campaign-2022/
case-study,/case-studies/citizen-celebrates-bt-scheme-with-animated-video/
landing-page,/info/wc2026/
landing-page,/info/citcom-creative-diner/
landing-page,/info/ihd-ojdiudsa/
landing-page,/info/zero-click-era/
landing-page,/info/zero-click-era-thanks/
landing-page,/info/client-survey/
landing-page,/info/junior-developer-quiz/
landing-page,/info/mailing-list/
landing-page,/info/free-seo-audit/
landing-page,/info/thank-you-rsvp/
landing-page,/info/citcom-autumn-event/
archive,/case-studies/
archive,/services/
archive,/blog-category/marketing/
archive,/blog-category/creative/
archive,/blog-category/development/
archive,/blog-category/events/
archive,/blog-category/news/
archive,/blog-category/print/
archive,/blog-category/video/
archive,/blog-category/marketing/aiso/
post,/development/why-we-bet-on-woocommerce/
post,/marketing/how-world-events-are-shaping-the-future-of-ai-search/
post,/creative/the-human-touch-why-design-intent-matters-more-than-ever-in-2026/
post,/news/introducing-citcom/
post,/events/exhibition-stand-guide/
post,/print/go-beyond-the-brochure/
search,/?s=marketing
404,/this-page-does-not-exist/
